{
  "n_tri": 9,
  "n_active": 4,
  "rho": 8.0,
  "sigma_noise": 1.0,
  "T_grid": [
    3,
    4,
    6,
    9,
    14,
    20,
    30,
    43,
    64,
    93,
    137,
    200
  ],
  "hamming": {
    "naive": [
      2.495,
      2.3316666666666666,
      2.118333333333333,
      2.138333333333333,
      2.1,
      2.145,
      2.1683333333333334,
      2.203333333333333,
      2.2783333333333333,
      2.381666666666667,
      2.4916666666666667,
      2.6
    ],
    "whitened": [
      1.12,
      0.825,
      0.42,
      0.205,
      0.05,
      0.005,
      0.0,
      0.0,
      0.0,
      0.0,
      0.0,
      0.0
    ],
    "greedy": [
      1.8316666666666668,
      1.395,
      0.865,
      0.59,
      0.34,
      0.30666666666666664,
      0.32166666666666666,
      0.335,
      0.31666666666666665,
      0.3433333333333333,
      0.3233333333333333,
      0.2833333333333333
    ]
  },
  "exact_whitened": [
    0.2833333333333333,
    0.44,
    0.6533333333333333,
    0.81,
    0.95,
    0.995,
    1.0,
    1.0,
    1.0,
    1.0,
    1.0,
    1.0
  ],
  "theory_whitened": [
    0.29121146377815743,
    0.4163150712925142,
    0.6239595844546809,
    0.818593203973487,
    0.9480075528198645,
    0.9884363528863196,
    0.9990058295524076,
    0.9999560326116397,
    0.9999996827457398,
    0.9999999996218568,
    0.9999999999999847,
    1.0
  ],
  "union_bound_whitened": [
    0.0,
    0.17335082958068748,
    0.5427328405263077,
    0.8024527424253138,
    0.9467960132641854,
    0.9883780220407881,
    0.9990054028699638,
    0.9999560317823734,
    0.9999996827456968,
    0.9999999996218569,
    0.9999999999999846,
    1.0
  ],
  "rho_eff": [
    6.981424148606815,
    6.092536305302277,
    5.9814323607427236,
    5.965608465608476,
    5.963636363636361,
    5.96560846560845,
    5.981432360742684,
    6.092536305302248,
    6.981424148606804
  ],
  "n_trials": 600
}