{
  "n_tri": 9,
  "n_active": 4,
  "rho": 8.0,
  "sigma_noise": 1.0,
  "T_grid": [
    10,
    15,
    21,
    31,
    45,
    65,
    95,
    138,
    200
  ],
  "hamming": {
    "naive": [
      2.16,
      2.1266666666666665,
      2.1466666666666665,
      2.2733333333333334,
      2.1533333333333333,
      2.2133333333333334,
      2.3266666666666667,
      2.433333333333333,
      2.5866666666666664
    ],
    "whitened": [
      0.18,
      0.02,
      0.006666666666666667,
      0.0,
      0.0,
      0.0,
      0.0,
      0.0,
      0.0
    ],
    "greedy": [
      0.5466666666666666,
      0.32666666666666666,
      0.32,
      0.32666666666666666,
      0.26666666666666666,
      0.3,
      0.31333333333333335,
      0.32666666666666666,
      0.26666666666666666
    ]
  },
  "exact_whitened": [
    0.8333333333333334,
    0.98,
    0.9933333333333333,
    1.0,
    1.0,
    1.0,
    1.0,
    1.0,
    1.0
  ],
  "theory_whitened": [
    0.8580816586277736,
    0.9597629784826716,
    0.9910670965426738,
    0.9992207857294514,
    0.999972595397127,
    0.9999997489386462,
    0.9999999997617501,
    0.9999999999999879,
    1.0
  ],
  "union_bound_whitened": [
    0.8484717522465488,
    0.9590423701569987,
    0.9910323786176313,
    0.9992205237881849,
    0.9999725950752504,
    0.9999997489386194,
    0.9999999997617501,
    0.9999999999999878,
    1.0
  ],
  "rho_eff": [
    6.981424148606815,
    6.092536305302277,
    5.9814323607427236,
    5.965608465608476,
    5.963636363636361,
    5.96560846560845,
    5.981432360742684,
    6.092536305302248,
    6.981424148606804
  ],
  "n_trials": 150
}