{
  "N_grid": [
    5,
    6,
    8,
    10,
    14,
    18,
    23,
    30,
    40,
    52,
    67,
    87,
    113,
    147,
    191,
    248,
    322,
    419,
    543,
    705,
    915,
    1187,
    1541,
    2000
  ],
  "err": 0.5,
  "cases": [
    {
      "p": 8,
      "k": 4,
      "label": "$p=8,\\ k=4$ (Fig. 2 setting)",
      "fano_gauss_floor": [
        0.634363438074043,
        0.5709194635465603,
        0.48456676952924854,
        0.427432159329581,
        0.35466469943455686,
        0.30906894724795936,
        0.2706005117651517,
        0.23459318480890567,
        0.2012585760755582,
        0.1751928026854218,
        0.15335455165004042,
        0.13379608573931134,
        0.11679766559829308,
        0.10193947422064463,
        0.08907559095794959,
        0.07789981944870471,
        0.06815604607354142,
        0.05958640693832417,
        0.05221979793280728,
        0.04573390969489,
        0.040071055867726524,
        0.035125436096876565,
        0.03078464391862867,
        0.026988817006580512
      ]
    },
    {
      "p": 10000,
      "k": 10,
      "label": "$p=10^4,\\ k=10$",
      "fano_gauss_floor": [
        2.863820321931925,
        2.51804084621497,
        2.0652226522103168,
        1.7777081262759944,
        1.4265143363891633,
        1.2155430910566865,
        1.0432949707826153,
        0.887033153544203,
        0.7468141067816555,
        0.6402475532257089,
        0.55310276971338,
        0.47674906727961097,
        0.4117156334368327,
        0.3558984265189603,
        0.30835952105815706,
        0.2676593218229336,
        0.2326347902678886,
        0.20218886353967372,
        0.17628719036021825,
        0.15369050944753482,
        0.13412178050846194,
        0.11715464629127657,
        0.10235755774355237,
        0.08949129786080368
      ]
    }
  ],
  "chernoff_floor": [
    26.25732432924818,
    18.791345368239913,
    11.815441086360515,
    8.610305716353764,
    5.649883211187646,
    4.270695770772008,
    3.325725206856535,
    2.589741642113701,
    2.0155941789544514,
    1.6280508122583917,
    1.339695178782718,
    1.1066434066962605,
    0.9216936972338402,
    0.7723668194568949,
    0.6517312164006565,
    0.5530466817575811,
    0.47140525997683796,
    0.4028316461243676,
    0.34620330595541027,
    0.29805720889850507,
    0.257291284533785,
    0.22263147830471444,
    0.19291774321213018,
    0.167465159920997
  ],
  "rho_grid": [
    0.05,
    0.060637158442538336,
    0.07353729967970997,
    0.08918185784229996,
    0.10815468888366946,
    0.1311638601228501,
    0.15906807536408393,
    0.19290872178003174,
    0.23394873455046664,
    0.2837197296873598,
    0.3440791640465317,
    0.4172796557413137,
    0.5060530520006777,
    0.6137123818899038,
    0.744275498776114,
    0.9026150268837295,
    1.0946402079552942,
    1.3275174345471659,
    1.6099377002773705,
    1.9524409482866945,
    2.367809422619202,
    2.871544702421916,
    3.482446221911786,
    4.22331286651368,
    5.121793828784014,
    6.21142047811983,
    7.532857753699584,
    9.135421782723709,
    11.078920361568667,
    13.435884986734075,
    16.294277735126318,
    19.760774014631597,
    23.9647436974482,
    29.06307921233976,
    35.246050780533785,
    42.74440731305957,
    51.83798797548778,
    62.866165804240964,
    76.24051313093294,
    92.46016148921606,
    112.13042923688559,
    135.98541207733723,
    164.9153795601474,
    200.0
  ],
  "dense_p": 100,
  "dense_k": 50,
  "fano_gauss_N": [
    1081.0978752413741,
    740.0683525091698,
    507.30850378511826,
    348.3194676745292,
    239.61731065369116,
    165.21222534548212,
    114.21380367535355,
    79.20210565286563,
    55.11953434571024,
    38.51692082789634,
    27.04052831745285,
    19.082931650390893,
    13.545376099690015,
    9.67598043869734,
    6.959547082958716,
    5.04249331463433,
    3.681688926113529,
    2.7095705886488632,
    2.010341424451707,
    1.5037225724760606,
    1.1338515421972923,
    0.8616895655169595,
    0.6598223924318767,
    0.5088944852841991,
    0.3951586654100913,
    0.3087881831144508,
    0.24271054080759047,
    0.19179894837241326,
    0.15230943341902803,
    0.12148714026788462,
    0.0972895324927177,
    0.07819068178311145,
    0.06304204701982491,
    0.05097280158178299,
    0.04131799660192976,
    0.03356642930485385,
    0.027322545372080512,
    0.02227839969317296,
    0.018192873154114157,
    0.014876158754459481,
    0.012178100144131543,
    0.009979365814885902,
    0.008184724729515836,
    0.006717889819343372
  ],
  "fano_agnostic_N": [
    26.484660969572047,
    21.895482680288538,
    18.111244757343464,
    14.990720416817233,
    12.417453256109757,
    10.295411327048056,
    8.54540354446356,
    7.1021247231017375,
    5.911719004506252,
    4.929770790218965,
    4.119648258952123,
    3.4511377063789253,
    2.8993177943336805,
    2.4436317318929586,
    2.0671227631532063,
    1.7558043773756171,
    1.4981416135792904,
    1.2846238966173338,
    1.1074131823215714,
    0.9600539508713324,
    0.8372338938533277,
    0.7345860902734545,
    0.6485251304477866,
    0.5761110666991334,
    0.5149362670738251,
    0.4630312334920165,
    0.4187862307425751,
    0.380886178033225,
    0.3482567104136462,
    0.32001965847484043,
    0.2954564553749546,
    0.27397818842655847,
    0.2551011878393947,
    0.23842719943482588,
    0.22362732691461237,
    0.21042905457701372,
    0.1986057735006626,
    0.18796833300079538,
    0.17835822467694454,
    0.16964207914536011,
    0.1617072165359811,
    0.15445804227111967,
    0.14781312090088114,
    0.14170279422227908
  ],
  "_provenance": {
    "git_sha": "54c73d7c5a4f36a133fa644fdf1618827f07cb2f",
    "git_dirty": true,
    "hostname": "autodl-container-p48vc3ykfm-7ba3727f",
    "command": "python /root/autodl-tmp/tfl_r9/experiments/run_fano.py",
    "seed": null,
    "timestamp_utc": "2026-07-18T12:27:13+00:00",
    "environment": {
      "python": "3.12.3",
      "numpy": "2.4.6",
      "scipy": "1.17.1",
      "matplotlib": "3.10.9",
      "torch": null
    },
    "blas_threads": {
      "OMP_NUM_THREADS": null,
      "OPENBLAS_NUM_THREADS": null,
      "MKL_NUM_THREADS": null,
      "NUMEXPR_NUM_THREADS": null,
      "VECLIB_MAXIMUM_THREADS": null
    },
    "hardware": {
      "hostname": "autodl-container-p48vc3ykfm-7ba3727f",
      "platform": "Linux-5.15.0-25-generic-x86_64-with-glibc2.35",
      "machine": "x86_64",
      "processor": "x86_64",
      "logical_cpus": 128,
      "cpu_model": "Intel(R) Xeon(R) Platinum 8352V CPU @ 2.10GHz"
    },
    "wall_time_s": 0.9052209854125977,
    "peak_rss_mb": 122.51953125,
    "peak_vram_mb": null,
    "exit_status": "completed_ok"
  }
}