{
  "network": "Anaheim",
  "n_candidates": 54,
  "n_active": 18,
  "rho": 3.0,
  "N": 46,
  "q_grid": [
    0.5,
    0.6,
    0.7,
    0.8,
    0.875,
    0.925,
    0.95,
    0.975,
    0.99,
    1.0
  ],
  "empirical": [
    0.0,
    0.0,
    0.0,
    0.005,
    0.0,
    0.02,
    0.04,
    0.26,
    0.53,
    0.97
  ],
  "theory_closed_form": [
    5.4638468076896375e-17,
    1.0295247630934881e-12,
    4.235041199781381e-09,
    5.717647043680531e-06,
    0.0007205537910030841,
    0.014455001488263947,
    0.06094933468483971,
    0.2475413824025987,
    0.5641429367600076,
    0.9702345665003717
  ],
  "empirical_restricted_to_observable": [
    0.99,
    0.995,
    0.995,
    0.985,
    0.97,
    0.985,
    0.98,
    0.98,
    0.97,
    0.97
  ],
  "observable_fraction_empirical": [
    0.1259259259259259,
    0.21194444444444444,
    0.3387962962962963,
    0.5132407407407408,
    0.6632407407407407,
    0.7898148148148149,
    0.8516666666666667,
    0.9307407407407408,
    0.9694444444444444,
    1.0
  ],
  "observable_fraction_theory": [
    0.125,
    0.21599999999999997,
    0.3429999999999999,
    0.5120000000000001,
    0.669921875,
    0.7914531250000001,
    0.8573749999999999,
    0.9268593749999999,
    0.970299,
    1.0
  ],
  "p_miss": 0.0007659908118036571,
  "p_fa": 0.00045612643148362395,
  "n_trials": 200,
  "seed": 11
}