{
  "n_tri": 8,
  "n_active": 4,
  "sigma_noise": 1.0,
  "sigma_grad": 2.0,
  "sigma_harm": 1.0,
  "T_grid": [
    5,
    7,
    8,
    11,
    14,
    19,
    24,
    31,
    41,
    53,
    69,
    90
  ],
  "rho_grid": [
    0.3,
    0.42753080109089936,
    0.6092752862714207,
    0.8682798374150252,
    1.2373879148704054,
    1.7634048216824738,
    2.513032920204876,
    3.5813299251433106,
    5.103762839557767,
    7.273386051246984,
    10.365321883776659,
    14.771647895120223,
    21.051114860111486,
    30.0
  ],
  "recovery": [
    [
      0.03,
      0.01,
      0.015,
      0.025,
      0.01,
      0.035,
      0.015,
      0.065,
      0.04,
      0.12,
      0.12,
      0.17
    ],
    [
      0.02,
      0.015,
      0.02,
      0.035,
      0.045,
      0.065,
      0.075,
      0.08,
      0.145,
      0.21,
      0.215,
      0.42
    ],
    [
      0.03,
      0.045,
      0.05,
      0.07,
      0.08,
      0.125,
      0.18,
      0.16,
      0.295,
      0.335,
      0.53,
      0.565
    ],
    [
      0.025,
      0.07,
      0.05,
      0.125,
      0.21,
      0.23,
      0.29,
      0.39,
      0.515,
      0.65,
      0.8,
      0.87
    ],
    [
      0.075,
      0.12,
      0.165,
      0.2,
      0.29,
      0.335,
      0.47,
      0.59,
      0.7,
      0.875,
      0.925,
      0.96
    ],
    [
      0.105,
      0.25,
      0.315,
      0.425,
      0.485,
      0.565,
      0.745,
      0.83,
      0.9,
      0.97,
      0.985,
      1.0
    ],
    [
      0.28,
      0.36,
      0.4,
      0.505,
      0.68,
      0.76,
      0.89,
      0.94,
      0.98,
      0.995,
      1.0,
      1.0
    ],
    [
      0.285,
      0.5,
      0.545,
      0.705,
      0.82,
      0.9,
      0.96,
      0.985,
      0.99,
      1.0,
      1.0,
      1.0
    ],
    [
      0.465,
      0.705,
      0.65,
      0.81,
      0.9,
      0.97,
      0.99,
      0.995,
      1.0,
      1.0,
      1.0,
      1.0
    ],
    [
      0.655,
      0.765,
      0.805,
      0.94,
      0.955,
      1.0,
      0.995,
      1.0,
      1.0,
      1.0,
      1.0,
      1.0
    ],
    [
      0.735,
      0.845,
      0.92,
      0.98,
      0.995,
      1.0,
      1.0,
      1.0,
      1.0,
      1.0,
      1.0,
      1.0
    ],
    [
      0.85,
      0.94,
      0.955,
      0.995,
      0.995,
      1.0,
      1.0,
      1.0,
      1.0,
      1.0,
      1.0,
      1.0
    ],
    [
      0.87,
      0.98,
      0.99,
      0.995,
      1.0,
      1.0,
      1.0,
      1.0,
      1.0,
      1.0,
      1.0,
      1.0
    ],
    [
      0.945,
      0.985,
      0.985,
      1.0,
      1.0,
      1.0,
      1.0,
      1.0,
      1.0,
      1.0,
      1.0,
      1.0
    ]
  ],
  "theory_exact": [
    5.398754152881021,
    3.678263555177983,
    3.203542356311289,
    2.3619689035589584,
    1.9118953427660528,
    1.4905627751969486,
    1.2464783974074276,
    1.034466452644477,
    0.8518527399120507,
    0.7178696460536865,
    0.605806455107003,
    0.5133271560490036
  ],
  "theory_floor": [
    22.68205716731464,
    12.865491675799014,
    10.546542448357537,
    6.884181218934153,
    5.168665275140614,
    3.7251382671651543,
    2.963276534585434,
    2.3473589499336835,
    1.851993751098895,
    1.5098129389098154,
    1.2376070105848904,
    1.0227890613565092
  ],
  "n_trials": 200
}