{
  "benchmark": "edge-sharing strip (Fig. 2 setting)",
  "n_tri": 9,
  "n_active": 4,
  "rho": 8.0,
  "N_grid": [
    10,
    14,
    20,
    30,
    45,
    65,
    95,
    140,
    200
  ],
  "recovery_known": [
    0.8433333333333334,
    0.93,
    0.9933333333333333,
    0.9966666666666667,
    1.0,
    1.0,
    1.0,
    1.0,
    1.0
  ],
  "recovery_plugin": [
    0.7866666666666666,
    0.89,
    0.9766666666666667,
    0.9933333333333333,
    1.0,
    1.0,
    1.0,
    1.0,
    1.0
  ],
  "theory_known": [
    0.8580816586277736,
    0.9480075528198645,
    0.9884363528863196,
    0.9990058295524076,
    0.999972595397127,
    0.9999997489386462,
    0.9999999997617501,
    0.9999999999999925,
    1.0
  ],
  "rel_err_sigma_noise": [
    0.1168644308353015,
    0.08896833373987353,
    0.06417530962701631,
    0.0468989415720746,
    0.03774606958168138,
    0.032123809349990186,
    0.02641634943806992,
    0.021970835118087575,
    0.017768971925483195
  ],
  "rel_err_sigma_curl": [
    0.11552171022406,
    0.0837349185740058,
    0.0753493459011268,
    0.06008833429412186,
    0.05109233683703496,
    0.0436976712653044,
    0.033056685480509454,
    0.027802762042578574,
    0.024450263121066865
  ],
  "n_trials": 300,
  "seed": 13
}