{
  "geometry": [
    {
      "network": "SiouxFalls",
      "n_nodes": 24,
      "n_edges": 38,
      "n_triangles": 2,
      "rank_B2": 2,
      "dof_ratio": 1.0,
      "triangles_edge_disjoint": true,
      "real_flow_energy_frac": {
        "gradient": 0.7235199616408396,
        "curl": 0.023866707324827503,
        "harmonic": 0.25261333103433214
      }
    },
    {
      "network": "EMA",
      "n_nodes": 74,
      "n_edges": 129,
      "n_triangles": 33,
      "rank_B2": 33,
      "dof_ratio": 1.0,
      "triangles_edge_disjoint": false
    },
    {
      "network": "Anaheim",
      "n_nodes": 416,
      "n_edges": 634,
      "n_triangles": 54,
      "rank_B2": 54,
      "dof_ratio": 1.0,
      "triangles_edge_disjoint": true,
      "real_flow_energy_frac": {
        "gradient": 0.03390542015203796,
        "curl": 0.04626590172012947,
        "harmonic": 0.9198286781278325
      }
    },
    {
      "network": "K9 (FX, contrast)",
      "n_nodes": 9,
      "n_edges": 36,
      "n_triangles": 84,
      "rank_B2": 28,
      "dof_ratio": 0.3333333333333333,
      "triangles_edge_disjoint": false
    }
  ],
  "recovery": {
    "network": "Anaheim",
    "n_candidates": 54,
    "n_active": 18,
    "rho": 3.0,
    "sigma_noise": 1.0,
    "sigma_grad": 1.0,
    "sigma_harm": 0.5,
    "background": "real UE flow, unit RMS",
    "detector": "decorrelated (GLS), centered (df=N-1)",
    "N_grid": [
      6,
      10,
      15,
      22,
      32,
      46,
      66,
      95
    ],
    "empirical": [
      0.0,
      0.035,
      0.155,
      0.46,
      0.83,
      0.965,
      1.0,
      1.0
    ],
    "theory_product_exact": [
      0.00045091349390018285,
      0.019971555714619085,
      0.15789622787739477,
      0.5019541089442351,
      0.8330616175422279,
      0.9702345665003714,
      0.9975267226413976,
      0.999929239230746
    ],
    "union_bound": [
      0.0,
      0.0,
      0.0,
      0.31546680081520395,
      0.8176817370886943,
      0.9697916138541237,
      0.9975237194610966,
      0.999929236775886
    ],
    "n_trials": 200,
    "seed": 7
  },
  "recovery_ema": {
    "network": "EMA",
    "n_candidates": 33,
    "n_active": 11,
    "n_edge_sharing_pairs": 10,
    "Gp_diag_range": [
      0.3333333333333333,
      0.43636363636363645
    ],
    "rho": 3.0,
    "sigma_noise": 1.0,
    "sigma_grad": 1.0,
    "sigma_harm": 0.5,
    "detector": "decorrelated (GLS, heterogeneous v0_tau), uncentered (df=N)",
    "N_grid": [
      6,
      10,
      15,
      22,
      32,
      46,
      66,
      95
    ],
    "empirical": [
      0.005,
      0.1,
      0.31,
      0.55,
      0.82,
      0.965,
      0.995,
      1.0
    ],
    "theory_product_approx": [
      0.013401255596623961,
      0.09548973134363027,
      0.30373597523022805,
      0.6115667490450293,
      0.8605011143116106,
      0.9694403004216674,
      0.9963765903213707,
      0.9998126906956224
    ],
    "union_bound": [
      0.0,
      0.0,
      0.0,
      0.5126540142640892,
      0.8502101669889769,
      0.9689863025516371,
      0.9963704131818246,
      0.9998126746772178
    ],
    "n_trials": 200,
    "seed": 7
  },
  "_provenance": {
    "git_sha": "54c73d7c5a4f36a133fa644fdf1618827f07cb2f",
    "git_dirty": true,
    "hostname": "autodl-container-p48vc3ykfm-7ba3727f",
    "command": "python /root/autodl-tmp/tfl_r9/experiments/run_real_traffic.py",
    "seed": null,
    "timestamp_utc": "2026-07-18T12:27:11+00:00",
    "environment": {
      "python": "3.12.3",
      "numpy": "2.4.6",
      "scipy": "1.17.1",
      "matplotlib": "3.10.9",
      "torch": null
    },
    "blas_threads": {
      "OMP_NUM_THREADS": null,
      "OPENBLAS_NUM_THREADS": null,
      "MKL_NUM_THREADS": null,
      "NUMEXPR_NUM_THREADS": null,
      "VECLIB_MAXIMUM_THREADS": null
    },
    "hardware": {
      "hostname": "autodl-container-p48vc3ykfm-7ba3727f",
      "platform": "Linux-5.15.0-25-generic-x86_64-with-glibc2.35",
      "machine": "x86_64",
      "processor": "x86_64",
      "logical_cpus": 128,
      "cpu_model": "Intel(R) Xeon(R) Platinum 8352V CPU @ 2.10GHz"
    },
    "wall_time_s": 479.8412129878998,
    "peak_rss_mb": 151.4765625,
    "peak_vram_mb": null,
    "exit_status": "completed_ok"
  }
}