{
  "config": {
    "sigma_n": 1.0,
    "rho2": 1.0,
    "threshold": 0.5,
    "seed": 0
  },
  "cells": [
    {
      "p_target": 100,
      "block_size": 6,
      "p": 100,
      "rank_B2": 50,
      "dof_ratio": 0.5,
      "n_nodes": 22,
      "N": 200,
      "k": 4,
      "n_trials": 60,
      "recovery_fista": 1.0,
      "recovery_ci95": [
        0.9398260695220669,
        0.9999999999999999
      ],
      "median_solve_s": 0.0023121285485103726,
      "lipschitz": 19.925969554385322,
      "sigma_min_A": 2.449489742783175,
      "nnls_theory_bound": 1.0,
      "dense_operator_gb": 0.002,
      "peak_rss_mb": 125.76171875,
      "recovery_active_set": 1.0
    },
    {
      "p_target": 300,
      "block_size": 6,
      "p": 300,
      "rank_B2": 150,
      "dof_ratio": 0.5,
      "n_nodes": 62,
      "N": 300,
      "k": 8,
      "n_trials": 40,
      "recovery_fista": 1.0,
      "recovery_ci95": [
        0.9123754607496077,
        1.0
      ],
      "median_solve_s": 0.010472623049281538,
      "lipschitz": 19.982964920524214,
      "sigma_min_A": 2.449489742783175,
      "nnls_theory_bound": 1.0,
      "dense_operator_gb": 0.054,
      "peak_rss_mb": 130.27734375
    },
    {
      "p_target": 1000,
      "block_size": 6,
      "p": 1000,
      "rank_B2": 500,
      "dof_ratio": 0.5,
      "n_nodes": 202,
      "N": 400,
      "k": 16,
      "n_trials": 30,
      "recovery_fista": 1.0,
      "recovery_ci95": [
        0.8864829086095221,
        1.0
      ],
      "median_solve_s": 0.4858132904628292,
      "lipschitz": 19.982868879364652,
      "sigma_min_A": 2.4494897427831726,
      "nnls_theory_bound": 1.0,
      "dense_operator_gb": 2.0,
      "peak_rss_mb": 171.58203125
    },
    {
      "p_target": 1000,
      "block_size": 8,
      "p": 1008,
      "rank_B2": 378,
      "dof_ratio": 0.375,
      "n_nodes": 110,
      "N": 400,
      "k": 16,
      "n_trials": 30,
      "recovery_fista": 1.0,
      "recovery_ci95": [
        0.8864829086095221,
        1.0
      ],
      "median_solve_s": 0.4054312889929861,
      "lipschitz": 25.755233698468757,
      "sigma_min_A": 2.4494897427831717,
      "nnls_theory_bound": 1.0,
      "dense_operator_gb": 1.152216576,
      "peak_rss_mb": 183.73828125
    }
  ]
}